{"cameraMode":{"drawMode":0,"name":"Shaded","section":"Shading Mode"},"sceneLighting":true,"audioPlay":false,"sceneViewState":{"m_AlwaysRefresh":false,"showFog":true,"showSkybox":true,"showFlares":true,"showImageEffects":true,"showParticleSystems":true,"showVisualEffectGraphs":true,"m_FxEnabled":true},"in2DMode":false,"pivot":{"x":-0.00663071870803833,"y":2.1282055377960207,"z":0.4066663980484009},"rotation":{"x":0.34932196140289309,"y":-0.597794234752655,"z":0.3238634467124939,"w":0.6447798013687134},"size":2.792501449584961,"orthographic":true}